{
  "neural_overlap_auc": 0.7759105611025172,
  "best": 0.7814839087992825,
  "n_overlap": 1236
}